epoch,step,train_loss,val_loss
0,118,,0.1200423389673233
0,118,0.13422946631908417,
1,237,,0.11108756065368652
1,237,0.10830593854188919,
2,356,,0.1166609600186348
2,356,0.10559596121311188,
3,475,,0.10990097373723984
3,475,0.10535340011119843,
