epoch,step,train_accuracy,train_loss,val_accuracy,val_loss
0,1499,,,0.9711666703224182,0.09902597963809967
0,1499,0.9397708177566528,0.20411722362041473,,
1,2999,,,0.9754999876022339,0.07908693701028824
1,2999,0.9784374833106995,0.0729631632566452,,
