epoch,step,train_loss,val_loss
0,236,,0.10967010259628296
0,236,0.12666797637939453,
1,473,,0.11384628713130951
1,473,0.10878337919712067,
2,710,,0.11183390766382217
2,710,0.10787351429462433,
3,947,,0.11489605158567429
3,947,0.10573447495698929,
4,1184,,0.11089685559272766
4,1184,0.10921601951122284,
