epoch,step,train_loss,val_loss
0,236,,0.10565152764320374
0,236,0.12710390985012054,
1,473,,0.1048298254609108
1,473,0.1036345586180687,
2,710,,0.11055353283882141
2,710,0.10051420331001282,
